domain,score,domain_pop,backlinks,wikipedia_links,archive_first_year,archive_captures,other_tlds_registered,majestic_rank,whois_created,length,sources
batoll.com,79.6,42,398,7,2002,208,0,0,2025,6,wiki
apapc.com,77.0,13,205,4,2004,134,2,0,2025,5,"wiki,tldreg"
lzangel.com,74.7,19,153,3,2003,119,0,0,2024,7,wiki
coldaston.com,74.3,12,33,5,2002,64,3,0,2025,9,"wiki,tldreg"
floydmiles.com,74.2,15,105,4,2000,153,0,0,2000,10,wiki
myanmarteldir.com,73.4,16,763,3,2002,164,0,0,2025,13,wiki
indviews.com,72.9,15,460,14,2007,69,1,0,2022,8,wiki
oklastamped.com,71.9,18,62,4,2000,173,0,0,2012,11,wiki
dnmsport.com,71.8,12,143,6,2004,54,0,0,2025,8,wiki
naltqi.com,71.4,70,3696,9,2008,1231,0,0,2025,6,"core2,wiki,short,tf"
mchahockey.com,71.4,12,42,4,2001,196,0,0,2025,10,wiki
felsefevan.com,70.2,20,99,6,2007,101,2,0,2025,10,"wiki,tldreg"
joaoisme.com,70.2,13,185,4,2007,168,0,0,2025,8,wiki
subbcentral.com,69.9,15,44,3,2001,190,0,0,2022,11,wiki
hupelita.com,69.8,14,71,18,2007,456,0,0,2024,8,wiki
topgunmma.com,69.2,27,768,9,2008,82,0,0,2025,9,wiki
bobsterner.com,69.0,12,192,3,2004,43,0,0,2024,10,wiki
coolfotodudes.com,68.8,15,287,5,2005,266,0,0,2025,13,wiki
abseditions.com,68.5,15,53,5,2004,155,1,0,2025,11,wiki
zonetroopers.com,68.5,13,184,12,2003,56,0,0,2025,12,wiki
borjaoubina.com,68.4,34,241,3,2006,122,0,0,2022,11,wiki
yvoncousin.com,68.2,18,76,3,2005,105,0,0,2023,10,wiki
wakingashland.com,67.5,15,66,3,2004,240,0,0,2025,13,wiki
liberapedia.com,67.1,48,241,6,2007,47,0,0,2011,11,wiki
abvizyon.com,67.1,35,306,2,2006,159,0,0,2023,8,wiki
kirannagarkar.com,66.4,18,39,9,2004,118,0,0,2023,13,wiki
hyunmun.com,66.3,95,16175,0,2002,207,0,0,2025,7,"core1,short"
academyofshem.com,66.3,21,158,4,2006,82,0,0,2024,13,wiki
atrakair.com,66.2,18,2367,5,2013,179,1,0,2025,8,wiki
tcwwrestling.com,65.6,12,0,3,2000,96,1,0,2025,12,wiki
molidorf.com,65.5,19,173,6,2009,66,1,0,2025,8,wiki
perfscipress.com,65.1,31,3551,12,2009,110,0,0,2023,12,wiki
karabadan.com,64.9,17,48,2,2001,120,0,0,2023,9,wiki
wasatchwoman.com,64.9,12,76,4,2006,203,0,0,2005,12,wiki
salmanmania.com,64.8,11,244,3,2007,100,0,0,2025,11,wiki
cegkereso.com,64.6,13,56511,0,2004,303,3,0,2025,9,tldreg
evsthailand.com,64.5,12,75,2,2000,207,0,0,2024,11,wiki
aronatic.com,64.4,15,139,2,2006,225,0,0,2025,8,wiki
annhelenmoen.com,64.4,14,155,7,2007,89,0,0,2025,12,wiki
buyflomax.com,64.1,292,1950,0,2004,47,3,0,2025,9,"core1,tldreg"
nauanaua.com,64.1,91,2854,0,2001,135,0,0,2025,8,"core1,short,tf"
tibetansoul.com,63.9,28,62,3,2008,154,0,0,2025,11,wiki
citipals.com,63.9,12,350,2,2007,138,0,0,2025,8,wiki
ksiso.com,63.8,30,13978,0,2004,67,2,0,2025,5,tldreg
suzerandall.com,63.7,13,59,1,1996,248,1,0,2024,11,wiki
hfdinfo.com,63.5,14,414,2,2008,155,0,0,2020,7,wiki
targetgoa.com,63.3,66,222,22,2008,125,1,0,2024,9,"core2,wiki,tf"
greaterdesaru.com,63.3,20,441,2,2004,107,0,0,2025,13,wiki
rromanes.com,63.2,11,56,2,2007,42,2,0,2025,8,tldreg
otlukbelican.com,63.1,43,3983,4,2011,54,0,0,2010,12,wiki
edgorman.com,62.7,29,709,0,2001,99,2,0,2025,8,tldreg
babygebaren.com,62.5,33,222,1,2005,114,4,0,2025,11,"wiki,tldreg"
nbaweblog.com,62.5,14,44,2,2003,171,0,0,2023,9,wiki
sicanvas.com,62.2,15,45,1,2001,110,1,0,2024,8,wiki
voyagemahia.com,62.0,15,49,3,2008,121,0,0,2025,11,wiki
kenmzoka.com,61.9,13,59,1,2000,135,0,0,2025,8,wiki
ssmtour.com,61.5,95,14110,0,2005,56,0,0,2023,7,"core1,short"
votecorroon.com,61.3,16,186,2,2004,88,0,0,2025,11,wiki
hnkcnews.com,61.1,21,224,41,2013,197,0,0,2025,8,wiki
urbadriver.com,60.9,155,441,0,2000,220,0,0,2025,10,"core1,tf"
idaphne.com,60.9,11,1305,0,2002,135,2,0,2021,7,tldreg
chelseavn.com,60.8,12,59,2,2005,240,0,0,2025,9,wiki
vsgao.com,60.4,14,207,6,2011,30,0,0,2025,5,wiki
profsms.com,60.4,18,1917,0,2004,147,2,0,2022,7,tldreg
aljazeraclub.com,60.3,62,321,7,2008,167,0,0,2025,12,"core2,wiki"
indialocals.com,59.5,66,168,4,2008,183,0,0,2025,11,"core2,wiki,tf"
snptri.com,59.5,15,94,5,2011,36,0,0,2025,6,wiki
kckoi.com,59.4,100,859,0,2003,59,0,0,2025,5,"core1,short,tf"
bookpuglia.com,59.4,18,46,1,2000,174,0,0,2024,10,wiki
suezenergyint.com,59.3,21,76,2,2005,82,0,0,2025,13,wiki
viccilaine.com,59.3,15,73,4,2009,99,0,0,2021,10,wiki
sitedaescola.com,59.1,99,2332,2,2008,135,1,0,2024,12,"core1,wiki,tf"
dianliwenmi.com,58.9,36,162,4,2010,65,0,0,2024,11,wiki
mikeyx.com,58.9,12,74,1,2005,223,1,0,2025,6,wiki
oudlajan.com,58.8,12,41,4,2011,104,0,0,2023,8,wiki
pramarn.com,58.7,281,205,0,2004,91,0,0,2025,7,"core1,short,tf"
thekassemg.com,58.7,12,34,3,2009,299,0,0,2025,10,wiki
thewayoutinn.com,58.6,121,3289,0,2002,101,0,0,2025,12,"core1,tf"
monayah.com,58.4,165,150,0,2004,58,1,0,2025,7,"core1,short"
czakra.com,58.4,32,40,0,2004,81,4,0,2025,6,tldreg
janaojana.com,58.3,60,89811,2,2010,224,0,0,2025,9,wiki
lakiff.com,58.3,12,40,1,2004,113,1,0,2025,6,wiki
scvba.com,58.3,28,59,0,2001,71,2,0,2025,5,tldreg
linkideo.com,58.2,18,352,1,2008,682,0,0,2026,8,wiki
sporkmag.com,58.2,14,23,1,2002,120,0,0,2025,8,wiki
getnewsinfo.com,58.1,59,116,3,2008,104,0,0,2025,11,wiki
cataloonya.com,58.1,18,22,2,2006,100,0,0,2025,10,wiki
zelcustom.com,57.9,13,42,4,2009,78,0,0,2009,9,wiki
posticky.com,57.9,12,3744,0,2006,87,2,0,2023,8,tldreg
heblends.com,57.8,14,1514,1,2008,77,0,0,2024,8,wiki
myogaonline.com,57.3,63,310,2,2006,178,1,0,2025,11,"core2,wiki"
tourkg.com,57.3,12,58,3,2013,131,0,0,2024,6,wiki
testach.com,57.2,19,81,1,2007,127,1,0,2025,7,wiki
eccenet.com,57.1,12,25,0,2000,153,2,0,2024,7,tldreg
bharateseva.com,56.9,20,194,8,2011,70,0,0,2023,11,wiki
dkwilde.com,56.9,16,56,1,2004,53,0,0,2025,7,wiki
lycomingfair.com,56.9,12,42,1,2001,142,1,0,2024,12,wiki
justbrunomars.com,56.8,48,51,12,2011,86,0,0,2024,13,wiki
teatrex.com,56.8,14,29,0,2002,96,3,0,2025,7,tldreg
kasoyf.com,56.8,12,96,0,2001,42,2,0,2025,6,tldreg
bgcongress.com,56.7,32,1029,1,2008,164,0,0,2024,10,wiki
mentanpin.com,56.7,42,74,0,2004,60,4,0,2025,9,tldreg
eepra.com,56.7,12,838,0,2006,50,3,0,2025,5,tldreg
ateambg.com,56.6,725,131,0,2007,79,0,0,2025,7,"core1,short,tf"
boxyblogs.com,56.6,14,183,3,2013,154,0,0,2025,9,wiki
vsdmovies.com,56.5,52,178,2,2009,122,0,0,2025,9,wiki
premasound.com,56.5,12,56,1,2002,144,0,0,2024,10,wiki
cechaffin.com,56.4,19,147,1,2004,102,0,0,2023,9,wiki
pplsfringe.com,56.4,13,178,4,2012,46,0,0,2023,10,wiki
joyabbott.com,56.4,12,30,3,2011,8,2,0,2025,9,"wiki,tldreg"
vohiep.com,56.4,59,207,0,2001,136,3,0,2025,6,"tldreg,short"
teimourian.com,56.4,13,31,0,1998,100,2,0,2023,10,tldreg
dedicenter.com,56.4,12,394,0,2003,90,3,0,2022,10,tldreg
mlmlovers.com,56.3,199,540,0,2004,81,0,0,2025,9,core1
johnsgibb.com,56.3,15,17,1,2001,157,0,0,2024,9,wiki
americassail.com,56.3,12,40,1,2000,170,0,0,2025,12,wiki
cnralis.com,56.2,15,58,1,2006,252,0,0,2025,7,wiki
prokerch.com,56.2,13,0,3,2010,140,1,0,2025,8,wiki
neokaw.com,56.2,12,89,1,2005,68,0,0,2026,6,wiki
interating.com,56.2,51,22,0,2000,70,2,0,2019,10,tldreg
shanghaimamas.com,56.2,15,414,0,2001,204,2,0,2001,13,tldreg
harryswebsite.com,56.2,115,2835,0,2004,19,1,0,2025,13,tf
ganook.com,56.1,61,120,2,2008,90,0,0,2025,6,"wiki,short"
ganguba.com,56.1,12,53,1,2007,210,1,0,2025,7,wiki
athlonetravel.com,56.0,14,39,1,2000,97,0,0,2025,13,wiki
gcskorea.com,56.0,12,23,0,2001,167,2,0,2025,8,tldreg
talikulam.com,55.9,32,80,1,2004,53,0,0,2015,9,wiki
belisaham.com,55.9,25,40,0,2001,48,3,0,2025,9,tldreg
weddinget.com,55.7,138,1846,0,2004,12,0,0,2021,9,tf
buyduloxetine.com,55.5,395,2181,0,2008,84,1,0,2025,13,core1
grupomacuta.com,55.5,28,1423,1,2007,95,0,0,2025,11,wiki
alamoplazaspa.com,55.4,125,89,0,2000,139,0,0,2024,13,core1
antekante.com,55.4,47,73,4,2015,136,0,0,2025,9,wiki
aspxcms.com,55.3,13,2536,0,2008,95,2,0,2025,7,tldreg
gaydenko.com,55.2,28,121,0,2005,83,2,0,2025,8,tldreg
mellinetti.com,55.0,90,1879,0,1999,194,0,0,2026,10,core1
diegopaque.com,55.0,11,44,1,2003,166,0,0,2025,10,wiki
uktdb.com,54.9,34,327,1,2011,48,3,0,2025,5,"wiki,tldreg"
sterlingosb.com,54.9,16,93,0,2004,67,5,0,2025,11,tldreg
modulogriffon.com,54.8,14,127,1,2003,120,0,0,2016,13,wiki
utalabo.com,54.6,17,42,12,2015,63,0,0,2025,7,wiki
travirgolette.com,54.5,109,471,0,2006,105,2,0,2025,13,"core1,tldreg,tf"
szarastrefa.com,54.5,10,234,0,2003,52,4,0,2025,11,tldreg
reichsarchiv.com,54.4,15,287,2,2010,57,2,0,2025,12,"wiki,tldreg"
myblognote.com,54.4,13,742,1,2008,182,0,0,2025,10,wiki
chizbiz.com,54.4,39,270,0,2007,44,2,0,2025,7,tldreg
leroicarotte.com,54.3,78,3263,0,2005,104,0,0,2024,12,"core1,tf"
moneyfasteasy.com,54.3,11,36,1,2001,93,0,0,2025,13,wiki
muzklip.com,54.2,82,263,1,2010,61,1,0,2025,7,"core1,wiki,short,tf"
sakaryauni.com,54.1,240,371,0,2006,94,0,0,2025,10,core1
maisquebeleza.com,54.1,63,115,2,2007,102,1,0,2025,13,"core2,wiki"
blmen.com,54.1,57,125,0,2004,151,4,0,2025,5,"tldreg,short"
clubstcroix.com,54.1,11,27,0,1998,129,2,0,2024,11,tldreg
chainofblame.com,54.0,45,404,1,2008,183,0,0,2025,12,wiki
kurilkot.com,54.0,14,19,1,2005,62,0,0,2025,8,wiki
shoalsbahais.com,53.9,15,186,7,2013,63,0,0,2022,12,wiki
ushirodate.com,53.9,12,59,0,2003,142,3,0,2022,10,tldreg
wolfskuil.com,53.8,19,45,0,2004,231,3,0,2025,9,tldreg
conakrytime.com,53.7,64,174,3,2010,297,0,0,2025,11,"core2,wiki"
navasadeh.com,53.7,20,37,5,2013,48,0,0,2025,9,wiki
drtahqiqco.com,53.7,14,373,3,2016,71,0,0,2025,10,wiki
voidofsilence.com,53.7,12,74,1,2003,123,0,0,2025,13,wiki
mostlandl.com,53.7,16,66,0,2002,110,2,0,2025,9,tldreg
mykunci.com,53.6,69,517,2,2010,278,0,0,2025,7,"core2,wiki,short,tf"
gifhtml.com,53.5,177,55729,0,2013,34,1,0,2025,7,"core1,short"
khademnews.com,53.5,12,3260,1,2009,217,1,0,2020,10,wiki
teamquestmma.com,53.5,12,151,1,2006,154,1,0,2025,12,wiki
haoyunbj.com,53.5,18,156,0,2006,76,2,0,2025,8,tldreg
macareu.com,53.5,12,16,0,2001,24,2,0,2025,7,tldreg
viewxinjiang.com,53.4,131,74,0,2002,204,0,0,2025,12,core1
jagaranpost.com,53.4,15,84,6,2013,129,0,0,2025,11,wiki
cheatskingdom.com,53.4,13,54,0,2001,74,3,0,2025,13,tldreg
uelestartit.com,53.3,19,22,3,2011,68,0,0,2025,11,wiki
tpowerhk.com,53.3,11,25,0,2003,111,2,0,2025,8,tldreg
kookiekitty.com,53.2,89,30,0,2000,175,0,0,2019,11,"core1,tf"
kayakikaku.com,53.2,18,177,1,2007,92,0,0,2025,10,wiki
baseballminsk.com,53.0,103,335,0,2004,189,0,0,2025,13,"core1,tf"
mymusicplug.com,53.0,19,22,7,2011,50,0,0,2023,11,wiki
laflorazul.com,53.0,20,74,0,2003,93,2,0,2024,10,tldreg
uswmustangs.com,52.9,17,29,4,2012,112,0,0,2024,11,wiki
auflotdeyeuse.com,52.8,717,149,0,2006,74,0,0,2025,13,"core1,tf"
hienkens.com,52.7,11,27,0,2003,54,2,0,2025,8,tldreg
agnesgallery.com,52.6,65,129,0,1998,181,2,0,2025,12,"core2,tldreg,tf"
kowappa.com,52.6,14,57,0,2005,88,2,0,2025,7,tldreg
ckcart.com,52.6,12,34,0,2004,83,2,0,2025,6,tldreg
casabarbacoa.com,52.4,13,160,1,2006,230,0,0,2025,12,wiki
dobujack.com,52.4,15,19000,0,2010,74,2,0,2024,8,tldreg
intransbooks.com,52.3,91,284,0,2004,172,0,0,2025,12,"core1,tf"
cacsite.com,52.3,93,683,0,2004,20,2,0,2025,7,"tldreg,tf"
ellebandita.com,52.2,16,139,1,2006,153,0,0,2005,11,wiki
dntrademarks.com,52.2,53,24,0,2002,72,2,0,2023,12,tldreg
hotchn.com,52.1,15,22,0,2004,65,2,0,2004,6,tldreg
septyni.com,52.1,13,42,0,2005,93,2,0,2025,7,tldreg
nikivano.com,52.0,26,373,1,2009,94,0,0,2024,8,wiki
mahalogrille.com,51.8,107,406,0,2005,120,0,0,2025,12,"core1,tf"
niklaslarsson.com,51.8,13,160,0,2004,68,3,0,2025,13,tldreg
askaislainen.com,51.7,162,26,0,2002,120,0,0,2002,12,"core1,tf"
genealogos.com,51.7,18,34,0,2003,107,2,0,2025,10,tldreg
mkpitstop.com,51.6,20,56,0,2006,152,3,0,2025,9,tldreg
linkomanija.com,51.5,17,272,0,2008,173,4,0,2025,11,tldreg
letgohome.com,51.5,12,62,0,2005,108,3,0,2022,9,tldreg
irhawards.com,51.4,16,64,1,2007,95,0,0,2025,9,wiki
sarlmiro.com,51.3,115,6714,0,2010,63,0,0,2026,8,"core1,short,tf"
livetogarden.com,51.3,13,268,1,2007,107,0,0,2025,12,wiki
blaberblogger.com,51.2,14,91,4,2015,133,0,0,2025,13,wiki
elsubeybaja.com,51.1,14,10,8,2012,129,0,0,2024,11,wiki
clicastuce.com,51.1,12,17,1,2004,38,0,0,2025,10,wiki
myfitri.com,51.1,12,243,0,2010,155,6,0,2025,7,tldreg
petruscoseye.com,51.0,122,811,0,2007,119,0,0,2005,12,"core1,tf"
tazarat.com,51.0,69,174,0,2001,135,0,0,2025,7,"core2,short,tf"
langemuur.com,51.0,14,68,0,2004,84,2,0,2010,9,tldreg
halehulchal.com,50.9,27,272,2,2013,93,1,0,2025,11,wiki
iacexpo.com,50.9,11,57,0,2006,77,2,0,2025,7,tldreg
arzrecords.com,50.8,12,33,1,2007,43,1,0,2023,10,wiki
gracepresby.com,50.8,21,28,0,2002,101,2,0,2013,11,tldreg
tallerac.com,50.7,43,83,1,2010,50,1,0,2025,8,wiki
revoover.com,50.6,60,115,0,2008,61,6,0,2025,8,"tldreg,short"
sotkamolainen.com,50.5,162,13,0,2002,107,0,0,2002,13,"core1,tf"
loscalvitos.com,50.5,15,1754,0,2008,159,2,0,2025,11,tldreg
dollring.com,50.5,61,119,0,2001,189,0,0,2010,8,short
senzokuike.com,50.4,11,29,0,2004,50,3,0,2007,10,tldreg
beatsbylexx.com,50.3,13,79,2,2009,121,0,0,2018,11,wiki
ihmshimla.com,50.3,13,17,0,2004,68,3,0,2003,9,tldreg
rohaizad.com,50.2,86,2309,0,2008,218,1,0,2025,8,"core1,short,tf"
nikkitaoliver.com,50.2,12,57,3,2018,110,2,0,2023,13,wiki
zimahost.com,50.2,61,116,0,2003,230,1,0,2025,8,short
masterkatten.com,50.1,19,37,0,2003,123,2,0,2025,12,tldreg
wbola.com,50.1,15,49,0,2007,70,2,0,2025,5,tldreg
ferblog.com,50.1,12,129,0,2008,73,2,0,2014,7,tldreg
creadordesign.com,50.1,113,86782,0,2011,23,1,0,2025,13,tf
queenspk.com,50.1,93,170,0,2001,27,0,0,2025,8,tf
wikipam.com,49.9,35,114,2,2016,85,0,0,2024,7,wiki
achamorehouse.com,49.9,13,56,1,2006,106,0,0,2025,13,wiki
sponis.com,49.9,60,135,0,2004,391,1,0,2025,6,short
directorysky.com,49.8,81,455,0,2007,232,0,0,2025,12,"core1,tf"
deadpoetscave.com,49.8,81,271,0,2006,175,0,0,2025,13,"core1,tf"
erobomba.com,49.8,61,1861,0,2005,93,0,0,2025,8,"core2,short"
ijomdas.com,49.8,15,40,2,2013,83,0,0,2023,7,wiki
qmlyw.com,49.8,13,26141,0,2012,39,2,0,2025,5,tldreg
vavypoika.com,49.6,12,9,1,2005,63,0,0,2025,9,wiki
vestisrbija.com,49.4,28,492,1,2009,98,1,0,2024,11,wiki
nootherrock.com,49.4,15,271,0,2007,57,3,0,2025,11,tldreg
gyvunams.com,49.4,12,48,0,2007,56,2,0,2025,8,tldreg
cqgdaz.com,49.2,602,852,0,2012,47,0,0,2025,6,"core1,short"
cambodianrock.com,49.2,18,56,1,2007,80,0,0,2024,13,wiki
emdirectory.com,49.1,70,198,0,1999,258,0,0,2025,11,"core2,tf"
bepgallery.com,49.1,41,334,1,2010,149,0,0,2025,10,wiki
mirfarm.com,48.8,11,45,1,2010,55,2,0,2025,7,tldreg
techwev.com,48.8,57,116,0,2002,126,0,0,2025,7,short
tittaycitay.com,48.7,71,406,1,2007,329,0,0,2019,11,"core2,wiki,tf"
egssoft.com,48.7,11,12,0,2008,23,4,0,2001,7,tldreg
nkzalec.com,48.7,59,130,0,2004,130,1,0,2025,7,short
dayultax.com,48.6,60,94,2,2011,117,0,0,2025,8,"wiki,short"
hwhmag.com,48.6,59,135,0,2003,221,0,0,2025,6,short
sswriting.com,48.5,119,16543,0,2011,49,0,0,2025,9,core1
hotelmasaccio.com,48.5,11,20,0,2004,91,3,0,2024,13,tldreg
aqqqr.com,48.5,61,99197,0,2010,99,1,0,2025,5,short
disnaikid.com,48.4,286,4995,0,2011,45,0,0,2010,9,"core1,tf"
borisdeleeuwe.com,48.4,11,60,0,2004,95,2,0,2025,13,tldreg
finanzturbo.com,48.4,11,32,0,2004,251,2,0,2024,11,tldreg
gazetebaskent.com,48.3,108,404,0,2008,97,0,0,2025,13,"core1,tf"
aaiskhobar.com,48.2,14,21,2,2011,124,0,0,2025,10,wiki
skylinesongs.com,48.2,12,41,1,2007,104,0,0,2025,12,wiki
pakupdate.com,48.2,37,39,0,2008,131,2,0,2025,9,tldreg
labrodeuse.com,48.2,10,58,0,2007,59,3,0,2025,10,tldreg
mpatrance.com,48.1,88,38,0,2006,78,0,0,2025,9,"core1,tf"
besteguide.com,48.1,74,159,0,2001,152,0,0,2025,10,"core2,tf"
rireba.com,48.0,84,29,0,2004,54,2,0,2019,6,"core1,tldreg,short"
toplesscuties.com,48.0,67,4980,0,2004,133,0,0,2025,13,core2
akdfood.com,47.9,53,111,1,2012,62,0,0,2025,7,wiki
yjqzj.com,47.9,30,21,0,2008,20,2,0,2025,5,tldreg
ipsst.com,47.9,16,2167,0,2011,70,2,0,2024,5,tldreg
selenabil.com,47.7,68,1054,0,2003,49,0,0,2023,9,core2
farspayam.com,47.7,67,108,0,2003,344,1,0,2025,9,"core2,tf"
imobapp.com,47.7,64,358,0,2008,105,2,0,2025,7,"core2,tldreg,short"
tarikan.com,47.6,12,3261,0,2011,51,2,0,2025,7,tldreg
auralainen.com,47.5,161,26,0,2002,131,1,0,2002,10,"core1,tf"
mymacaws.com,47.5,80,205,0,2004,60,0,0,2021,8,"core1,short,tf"
dodsonworld.com,47.5,72,2751,0,2003,60,0,0,2025,11,"core2,tf"
tammna.com,47.4,135,3976,0,2013,56,0,0,2022,6,"core1,short,tf"
socialspew.com,47.4,64,151,0,2002,327,0,0,2025,10,core2
janhafstrom.com,47.4,12,32,2,2010,98,0,0,2025,11,wiki
funloadz.com,47.3,53,110,0,2010,114,2,0,2025,8,tldreg
nlpoptions.com,47.3,27,36,0,2008,122,2,0,2025,10,tldreg
sunnytoolz.com,47.2,79,6351,0,2007,101,0,0,2021,10,"core1,tf"
wessadams.com,47.2,78,20,0,2006,114,0,0,2025,9,core1
nandomichelin.com,47.2,62,1013,0,2002,103,0,0,2025,13,core2
rtnagel.com,47.2,15,1000,0,2011,23,3,0,2025,7,tldreg
accahelp.com,47.2,59,120,0,2004,202,0,0,2025,8,short
makkalsanthai.com,47.1,64,14313,0,2008,145,1,0,2025,13,"core2,tf"
ofertebune.com,47.1,59,159,0,2006,100,3,0,2025,10,tldreg
lesstentors.com,47.0,13,47,2,2011,86,0,0,2024,11,wiki
utfrussia.com,47.0,13,73,2,2014,164,0,0,2025,9,wiki
oyunsu.com,47.0,59,138,0,2006,205,1,0,2025,6,short
acasella.com,46.9,12,24,0,2008,40,2,0,2025,8,tldreg
manipon.com,46.9,60,101,0,2004,191,0,0,2025,7,short
leeddaily.com,46.8,19,407,1,2011,165,0,0,2024,9,wiki
clangroups.com,46.7,74,379,0,2004,236,0,0,2025,10,"core2,tf"
sudsav.com,46.7,67,163,0,2006,87,1,0,2025,6,"core2,short,tf"
readerline.com,46.6,79,23,0,1999,64,0,0,2017,10,core1
nycrophone.com,46.6,12,160,1,2010,83,1,0,2024,10,wiki
igsinfo.com,46.6,11,22,0,2008,42,2,0,2025,7,tldreg
betelhem.com,46.6,60,132,0,2005,274,0,0,2024,8,short
ibbetsonusa.com,46.5,69,10394,0,2007,242,0,0,2025,11,"core2,tf"
buildinglebow.com,46.5,60,328,2,2010,100,0,0,2025,13,wiki
kesads.com,46.4,294,265,0,2012,94,0,0,2025,6,"core1,short"
fhtube.com,46.4,58,123,0,2008,195,2,0,2025,6,"tldreg,short"
elfnan.com,46.4,61,142,0,2005,190,0,0,2025,6,short
allvisainfo.com,46.3,62,1616,0,2004,180,0,0,2023,11,core2
meghapatil.com,46.1,152,1019,0,2011,227,0,0,2025,10,"core1,tf"
mjroh.com,46.1,74,30081,0,2009,84,0,0,2025,5,"core2,short,tf"
espiegles.com,46.0,15,1561,0,2010,139,2,0,2025,9,tldreg
vedsystems.com,46.0,13,22,0,2007,103,2,0,2025,10,tldreg
renksanltd.com,45.9,76,31,0,2002,97,1,0,2024,10,"core1,tf"
videoshadow.com,45.9,62,7886,0,2007,258,0,0,2025,11,core2
dfraile.com,45.8,63,542,0,2007,103,0,0,2024,7,"core2,short"
hzmehdi.com,45.8,12,154,0,2009,115,2,0,2025,7,tldreg
forumkur.com,45.8,61,131,0,2005,117,0,0,2025,8,short
afcdirectory.com,45.7,72,129,0,2001,138,0,0,2025,12,"core2,tf"
hampfuneral.com,45.6,93,202,0,2002,113,0,0,2025,11,"core1,tf"
ticinotv.com,45.6,80,582,0,2007,48,0,0,2024,8,"core1,short,tf"
zabivka.com,45.6,57,114,0,2007,36,2,0,2025,7,"tldreg,short"
technosb.com,45.4,130,2,0,2009,46,3,0,2025,8,short
easyetsy.com,45.3,33,25,0,2009,147,2,0,2025,8,tldreg
daooqp.com,45.3,58,105,0,2005,122,0,0,2025,6,short
ououv.com,45.3,56,136,0,2007,130,1,0,2023,5,short
naukriseeker.com,45.2,385,4243,0,2013,84,0,0,2026,12,"core1,tf"
dorothybishop.com,45.2,14,29,1,2004,116,1,0,2009,13,wiki
kazeart.com,45.2,11,92,0,2009,181,2,0,2024,7,tldreg
seinajokinen.com,45.1,160,22,0,2002,105,1,0,2026,12,core1
timcarless.com,45.1,87,19,0,2001,142,0,0,2024,10,"core1,tf"
tervolalainen.com,45.0,160,23,0,2002,90,1,0,2002,13,core1
hundesenteret.com,45.0,61,138,0,2003,131,1,0,2024,13,core2
infodbs.com,45.0,56,96,0,2008,79,2,0,2025,7,tldreg
thekitchenat.com,45.0,13,41,0,2007,116,2,0,2007,12,tldreg
duynam.com,45.0,10,18,0,2010,174,4,0,2025,6,tldreg
lappilainen.com,44.9,161,20,0,2002,99,1,0,2002,11,core1
hiciory.com,44.9,65,122,0,2007,71,1,0,2025,7,"core2,short"
patchescrafts.com,44.9,65,139,0,2002,220,0,0,2025,13,"core2,tf"
biznesshop.com,44.9,12,162,0,2006,290,3,0,2025,10,tldreg
ilikead.com,44.9,58,15,0,2002,59,0,0,2025,7,short
judoloiret.com,44.8,298,27,0,2009,81,1,0,2025,10,"core1,tf"
localindya.com,44.8,70,416,0,2006,309,0,0,2025,10,"core2,tf"
leavetoenter.com,44.8,14,188,1,2009,114,0,0,2023,12,wiki
lietolainen.com,44.7,160,20,0,2002,87,1,0,2002,11,core1
dotnewsbd.com,44.6,335,421,0,2013,54,1,0,2025,9,core1
moviesfirm.com,44.6,62,106,0,2003,115,0,0,2025,10,core2
cinesouq.com,44.6,62,119,1,2009,159,0,0,2025,8,"core2,wiki,short"
spencerdrums.com,44.6,13,0,1,2005,105,0,0,2021,12,wiki
roundstrading.com,44.5,115,1255,0,2011,72,1,0,2026,13,"core1,tf"
revelryfest.com,44.5,12,168,2,2015,98,0,0,2021,11,wiki
atalanter.com,44.5,21,316,0,2013,24,5,0,2025,9,tldreg
veende.com,44.5,58,99,0,2007,82,1,0,2025,6,short
comison.com,44.5,200,624,0,2013,25,0,0,2024,7,tf
inarilainen.com,44.4,159,14,0,2002,104,1,0,2002,11,core1
cenashop.com,44.4,16,160,0,2007,92,2,0,2025,8,tldreg
zonamotos.com,44.4,10,17,0,2008,27,3,0,2024,9,tldreg
kuhmolainen.com,44.3,158,13,0,2002,107,1,0,2002,11,core1
vietcanh.com,44.3,73,296,1,2011,187,0,0,2025,8,"core2,wiki,short,tf"
emresumo.com,44.3,44,21,0,2009,37,2,0,2025,8,tldreg
islamzik.com,44.3,58,147,0,2007,219,0,0,2024,8,short
nikobali.com,44.3,57,114,0,2006,122,0,0,2025,8,short
macexcellence.com,44.2,74,601,0,2004,73,0,0,2002,13,"core2,tf"
szwaywell.com,44.2,68,231,0,2005,157,0,0,2025,9,"core2,tf"
circawhenever.com,44.1,92,42,0,2008,72,0,0,2025,13,"core1,tf"
kennyqi.com,44.1,73,208,0,2008,198,0,0,2025,7,"core2,short"
artbymozart.com,44.0,153,8916,0,2013,60,0,0,2025,11,core1
bigbluewheel.com,44.0,136,1859,0,2011,104,0,0,2025,12,core1
kejaleo.com,44.0,14,39,1,2012,109,0,0,2020,7,wiki
ivamalta.com,44.0,13,57,2,2018,49,0,0,2026,8,wiki
nulledboard.com,43.9,100,2641,0,2011,101,0,0,2025,11,core1
persainblog.com,43.9,64,182,0,2004,77,1,0,2025,11,core2
whereyounow.com,43.9,13,22,2,2013,120,0,0,2024,11,wiki
offroadpneu.com,43.9,28,354,0,2009,119,2,0,2025,11,tldreg
mypalhs.com,43.8,79,232,0,2008,107,0,0,2025,7,"core1,short,tf"
povmovieclub.com,43.8,69,3360,0,2008,293,0,0,2025,12,"core2,tf"
mblebes.com,43.8,60,119,0,2007,187,0,0,2023,7,short
soulmusicmix.com,43.7,140,11,0,2007,52,0,0,2025,12,core1
bastcilkdoptb.com,43.7,165,31052,0,2016,135,0,0,2023,13,tf
myseohub.com,43.6,11,41,0,2009,129,2,0,2024,8,tldreg
huittislainen.com,43.5,160,27,0,2002,97,0,0,2002,13,core1
sauvolainen.com,43.5,156,27,0,2002,103,0,0,2002,11,"core1,tf"
couponingchic.com,43.5,96,1411,0,2011,197,0,0,2025,13,"core1,tf"
etraffichub.com,43.5,70,139,0,2003,141,0,0,2020,11,"core2,tf"
webdyr.com,43.5,68,131,0,2010,94,4,0,2025,6,"core2,tldreg,short,tf"
willpon.com,43.5,57,102,0,2006,65,0,0,2025,7,short
ingridslist.com,43.4,98,30,0,2008,56,0,0,2025,11,core1
balochhal.com,43.4,23,35,1,2011,177,0,0,2017,9,wiki
konnevetinen.com,43.3,156,22,0,2002,110,0,0,2002,12,core1
utrodobroe.com,43.3,109,289,0,2011,36,1,0,2025,10,core1
kenfosterinc.com,43.3,90,24,0,2002,355,0,0,2025,12,core1
qiyuanwang.com,43.3,11,26,0,2008,22,2,0,2025,10,tldreg
cheapgf.com,43.3,60,3326,0,2009,259,0,0,2025,7,short
vieremalainen.com,43.2,158,21,0,2002,105,0,0,2002,13,core1
loimaalainen.com,43.2,158,22,0,2002,105,0,0,2002,12,core1
traumnetz.com,43.2,66,249,0,2008,243,1,0,2025,9,"core2,tf"
ukvine.com,43.2,13,18,1,2011,66,0,0,2019,6,wiki
ekpaideusi.com,43.2,11,103,0,2009,68,3,0,2025,10,tldreg
lieksalainen.com,43.1,160,20,0,2002,101,0,0,2002,12,"core1,tf"
lohtajalainen.com,43.1,159,20,0,2002,102,0,0,2002,13,core1
ilmajokinen.com,43.1,158,20,0,2002,102,0,0,2002,11,core1
parkanolainen.com,43.1,158,19,0,2002,114,0,0,2002,13,"core1,tf"
alavutelainen.com,43.1,158,20,0,2002,109,0,0,2002,13,core1
keitelelainen.com,43.1,157,17,0,2002,145,0,0,2002,13,core1
ruthintownfc.com,43.1,16,15,0,2007,52,2,0,2025,12,tldreg
sokhanpub.com,43.1,11,15,1,2011,57,2,0,2025,9,tldreg
oulaislainen.com,43.0,161,19,0,2002,95,0,0,2002,12,"core1,tf"
keravalainen.com,43.0,160,19,0,2002,99,0,0,2002,12,"core1,tf"
kiuruvetinen.com,43.0,157,21,0,2002,93,0,0,2002,12,core1
blogboek.com,43.0,16,210,0,2012,68,2,0,2025,8,tldreg
coinsacargo.com,42.9,262,2268,0,2013,54,0,0,2025,11,"core1,tf"
laukaalainen.com,42.9,161,17,0,2002,110,0,0,2002,12,core1
pyhajokinen.com,42.9,160,20,0,2002,88,0,0,2002,11,core1
viialalainen.com,42.9,160,17,0,2002,107,0,0,2002,12,core1
puumalalainen.com,42.9,160,19,0,2002,95,0,0,2002,13,core1
kolarilainen.com,42.9,159,19,0,2002,92,0,0,2002,12,"core1,tf"
ruukkilainen.com,42.9,159,19,0,2002,95,0,0,2002,12,core1
hankolainen.com,42.9,156,19,0,2002,94,0,0,2002,11,core1
epurohith.com,42.9,64,126,0,2007,188,1,0,2025,9,core2
kecelireklam.com,42.9,143,21068,0,2014,16,0,0,2025,12,tf
hattulalainen.com,42.8,160,16,0,2002,106,0,0,2002,13,core1
maskulainen.com,42.8,158,19,0,2002,85,0,0,2002,11,core1
muuramelainen.com,42.8,157,17,0,2002,98,0,0,2002,13,core1
ewbnewyork.com,42.8,70,173,0,2006,175,0,0,2025,10,"core2,tf"
scifiindia.com,42.8,198,8086,0,2016,41,0,0,2025,10,tf
virtolainen.com,42.7,159,14,0,2002,120,0,0,2002,11,"core1,tf"
kullaalainen.com,42.7,159,16,0,2002,100,0,0,2002,12,core1
hollolalainen.com,42.7,159,16,0,2002,95,0,0,2002,13,core1
jamsalainen.com,42.7,158,16,0,2002,99,0,0,2002,11,core1
ranualainen.com,42.7,156,18,0,2002,90,0,0,2002,11,core1
kauhavalainen.com,42.7,156,15,0,2002,108,0,0,2002,13,core1
juegodebillar.com,42.7,67,673,0,2006,152,0,0,2024,13,"core2,tf"
wallgatemot.com,42.7,41,2846,0,2013,45,2,0,2026,11,tldreg
laservarices.com,42.7,11,33,0,2008,62,2,0,2025,12,tldreg
ppsamore.com,42.7,59,127,0,2008,161,0,0,2025,8,short
kurikkalainen.com,42.6,157,16,0,2002,94,0,0,2002,13,core1
ruovetelainen.com,42.6,156,16,0,2002,91,0,0,2002,13,core1
hemogreen.com,42.6,70,14,0,2003,43,1,0,2025,9,core2
laurencehelie.com,42.6,16,27,1,2010,99,1,0,2024,13,wiki
whatshup.com,42.6,58,93,0,2007,89,0,0,2024,8,short
ulvilalainen.com,42.5,157,14,0,2002,98,0,0,2002,12,core1
hartolalainen.com,42.5,156,14,0,2002,99,0,0,2002,13,core1
fubuyi.com,42.5,130,40,0,2011,79,0,0,2025,6,"core1,short"
forssalainen.com,42.4,158,12,0,2002,109,0,0,2002,12,core1
vaalalainen.com,42.4,156,13,0,2002,103,0,0,2002,11,core1
kempelelainen.com,42.4,156,14,0,2002,97,0,0,2002,13,core1
raycalafell.com,42.4,62,40,0,2002,136,0,0,2019,11,core2
aktifnumara.com,42.4,52,817,1,2016,144,0,0,2025,11,wiki
lovezet.com,42.3,138,791,0,2015,40,0,0,2024,7,"core1,short,tf"
edjidesign.com,42.3,80,213,0,2007,177,0,0,2025,10,"core1,tf"
jdramazone.com,42.3,63,123,0,2006,230,0,0,2025,10,core2
aztruyen.com,42.3,18,102,0,2012,78,2,0,2025,8,tldreg
mediosone.com,42.2,62,130,0,2006,189,0,0,2022,9,core2
mymoviematrix.com,42.2,21,29,2,2015,47,0,0,2025,13,wiki
tammelalainen.com,42.1,156,11,0,2002,96,0,0,2002,13,core1
bdwebsearch.com,42.1,90,430,0,2008,136,1,0,2026,11,"core1,tf"
mikewhellans.com,42.1,77,697,0,2007,164,0,0,2024,12,"core1,tf"
hugotontrust.com,42.1,55,0,1,2003,136,0,0,2025,12,wiki
factouch.com,42.0,164,296,0,2015,91,0,0,2026,8,"core1,short,tf"
heinolalainen.com,42.0,160,10,0,2002,96,0,0,2002,13,core1
sulkavalainen.com,42.0,157,11,0,2002,86,0,0,2002,13,core1
fullofdeals.com,41.9,65,178,0,2004,65,0,0,2025,11,core2
syaroshi.com,41.9,59,120,0,2012,46,8,0,2025,8,"tldreg,short"
mytclothing.com,41.8,70,214,0,2004,36,0,0,2024,11,core2
chinametp.com,41.8,62,52450,0,2011,119,0,0,2022,9,core2
enishis.com,41.8,59,136,0,2011,67,4,0,2023,7,"tldreg,short"
runwme.com,41.7,18,333,0,2014,59,2,0,2025,6,tldreg
rafflesitaly.com,41.6,19,4835,1,2017,90,0,0,2025,12,wiki
raphaeladjobi.com,41.5,14,74,2,2017,114,0,0,2025,13,wiki
ktruyen.com,41.5,16,165,0,2013,68,2,0,2021,7,tldreg
inanaz.com,41.5,11,107,0,2012,94,2,0,2025,6,tldreg
eiamalta.com,41.5,58,112,0,2008,62,0,0,2025,8,short
happyandong.com,41.4,140,1242,0,2011,13,0,0,2025,11,tf
lisdg.com,41.2,140,290,0,2015,61,0,0,2025,5,"core1,short,tf"
thinkpadmedic.com,41.2,85,23,0,2003,149,0,0,2024,13,core1
dimadaba.com,41.2,61,108,1,2012,176,0,0,2025,8,"core2,wiki,short"
osamenor.com,41.2,14,29,0,2011,109,2,0,2025,8,tldreg
goarticless.com,41.1,138,294,0,2011,104,0,0,2025,11,"core1,tf"
xcartoonsx.com,41.1,62,121,0,2007,226,0,0,2025,10,core2
crayfishthai.com,41.1,165,11785,0,2016,46,0,0,2019,12,tf
andrewgoh.com,41.0,80,312,0,2008,72,0,0,2025,9,core1
trosfans.com,41.0,79,63,1,2011,63,0,0,2025,8,"core1,wiki,short,tf"
yogdev.com,41.0,71,202,1,2016,91,2,0,2025,6,"wiki,tldreg,short,tf"
hotmedstore.com,40.9,180,1028,0,2013,56,0,0,2025,11,core1
myskysign.com,40.9,73,12,0,2003,55,0,0,2024,9,core2
outragerc.com,40.9,71,243,0,2008,137,0,0,2025,9,"core2,tf"
nupedailynews.com,40.9,19,89,1,2012,106,0,0,2024,13,wiki
stillmovil.com,40.9,14,20,1,2011,96,0,0,2024,10,wiki
kuaihuoniao.com,40.9,58,113,0,2008,141,2,0,2025,11,tldreg
mgvietnam.com,40.9,16,64,0,2013,92,4,0,2026,9,tldreg
legbk.com,40.9,10,138,0,2013,125,2,0,2025,5,tldreg
cistydomov.com,40.9,10,30,0,2012,42,6,0,2025,10,tldreg
dealisle.com,40.8,77,1379,0,2010,153,0,0,2025,8,"core1,short"
xnovideos.com,40.8,75,207,0,2008,140,0,0,2025,9,core1
behindthetype.com,40.8,13,226,1,2012,47,0,0,2025,13,wiki
wwhcurrent.com,40.8,13,33,2,2011,127,0,0,2025,10,wiki
gzmoli.com,40.7,54,101,0,2010,91,3,0,2025,6,tldreg
kanankil.com,40.6,58,125,0,2009,95,2,0,2025,8,"tldreg,short"
davidpatient.com,40.5,14,140,0,2009,73,2,0,2025,12,tldreg
qqqlove.com,40.5,11,30,0,2011,81,2,0,2025,7,tldreg
nentity.com,40.5,64,0,0,2003,147,0,0,2019,7,short
hitsincrease.com,40.4,62,112,0,2006,299,0,0,2025,12,core2
getmonthlypay.com,40.4,18,130,1,2013,127,0,0,2013,13,wiki
ewxjf.com,40.3,13,173,1,2017,79,0,0,2024,5,wiki
mydalle.com,40.3,61,303,0,2009,92,1,0,2025,7,short
chuagiaclam.com,40.2,107,189,0,2012,74,1,0,2024,11,core1
dimpleusa.com,40.2,96,38,0,2010,103,0,0,2025,9,"core1,tf"
fashiondsgn.com,40.2,92,435,0,2011,55,0,0,2025,11,"core1,tf"
apecd.com,40.2,16,50,0,2013,19,3,0,2025,5,tldreg
zuckerslist.com,40.1,76,248,0,2007,120,0,0,2025,11,"core1,tf"
piramidepse.com,40.1,14,20,1,2009,36,0,0,2025,11,wiki
teamingstream.com,40.1,13,0,1,2008,31,0,0,2025,13,wiki
jzwar.com,40.0,57,169,0,2009,211,1,0,2025,5,short
fantimelive.com,39.9,100,260,0,2011,79,0,0,2025,11,core1
rxchemlab.com,39.9,76,70,0,2007,99,0,0,2025,9,core1
tabellum.com,39.9,11,67,0,2011,12,2,0,2022,8,tldreg
meixuanjiaju.com,39.8,173,115,0,2012,39,1,0,2025,12,core1
ahasess.com,39.8,77,385,0,2009,151,0,0,2025,7,"core1,short,tf"
wikibookia.com,39.8,63,134,0,2008,147,0,0,2025,10,core2
kapricornfilm.com,39.8,13,26,1,2010,61,0,0,2010,13,wiki
xiangyuncn.com,39.7,61,117,0,2007,61,0,0,2025,10,core2
yassandco.com,39.7,16,23,0,2010,173,2,0,2024,9,tldreg
daoleads.com,39.7,61,139,0,2009,190,1,0,2026,8,short
banglapapers.com,39.6,63,522,0,2008,98,0,0,2008,12,core2
izletime.com,39.6,62,290,0,2009,287,0,0,2025,8,"core2,short"
housesofpayne.com,39.6,38,349,1,2016,66,0,0,2026,13,wiki
lemaska.com,39.6,13,70,0,2013,59,2,0,2025,7,tldreg
neotutorials.com,39.5,63,112,0,2008,170,1,0,2025,12,core2
kampenonline.com,39.5,29,423,0,2013,81,2,0,2025,12,tldreg
safeviet.com,39.5,16,30,0,2013,125,2,0,2025,8,tldreg
phanganbiz.com,39.4,59,133,1,2011,162,0,0,2025,10,wiki
allpinoynews.com,39.4,25,177,1,2014,41,0,0,2025,12,wiki
letripode.com,39.4,15,85,0,2011,55,2,0,2023,9,tldreg
xuanthieu.com,39.4,14,347,0,2013,63,2,0,2023,9,tldreg
andreavarela.com,39.4,13,1250,0,2013,75,2,0,2024,12,tldreg
stjoanofarcla.com,39.3,70,145,0,2007,162,0,0,2025,13,"core2,tf"
yumeow.com,39.3,10,49,0,2013,21,3,0,2022,6,tldreg
bonnymead.com,39.2,85,24,0,2006,66,0,0,2025,9,"core1,tf"
ejtehad.com,39.2,59,112,0,2012,126,3,0,2025,7,"tldreg,short"
ahyaccounting.com,39.1,75,23,0,2004,73,0,0,2025,13,core1
frugallivin.com,39.0,177,370,0,2013,46,0,0,2025,11,"core1,tf"
holdingkenig.com,39.0,137,366,0,2013,83,0,0,2025,12,"core1,tf"
xinqm.com,39.0,55,110,0,2010,84,2,0,2017,5,tldreg
barbizonsucks.com,39.0,20,321,0,2011,18,2,0,2009,13,tldreg
kpssye.com,39.0,58,121,0,2009,122,1,0,2022,6,short
cacaototo.com,38.9,92,254,0,2013,40,0,0,2025,9,"core1,tf"
oopside.com,38.9,64,1126,0,2010,48,0,0,2023,7,"core2,short,tf"
ombhost.com,38.9,63,206,0,2009,252,0,0,2022,7,"core2,short"
balsch.com,38.9,27,13,0,2011,8,2,0,2024,6,tldreg
ravayatnews.com,38.8,69,3324,0,2009,311,0,0,2021,11,"core2,tf"
squidirectory.com,38.8,67,114,0,2007,159,0,0,2025,13,"core2,tf"
blogalp.com,38.8,66,182,0,2009,247,0,0,2025,7,"core2,short,tf"
parsimade.com,38.8,15,24,1,2014,218,0,0,2014,9,wiki
skvty.com,38.8,17,113,0,2016,194,2,0,2024,5,tldreg
iransocderm.com,38.7,68,123,0,2007,122,0,0,2016,11,"core2,tf"
dakawang.com,38.7,57,116,0,2012,79,3,0,2017,8,"tldreg,short"
yroon.com,38.7,23,20,0,2013,48,2,0,2025,5,tldreg
flickprice.com,38.6,95,545,0,2015,75,0,0,2025,10,core1
porcovino.com,38.6,72,310,0,2010,112,2,0,2025,9,"core2,tldreg,tf"
lilootresors.com,38.6,62,183,0,2008,215,0,0,2025,12,core2
sportnewsbd.com,38.6,14,28,2,2018,81,0,0,2025,11,wiki
suijiecao.com,38.5,135,43,0,2012,67,0,0,2025,9,core1
slurke.com,38.4,74,298,0,2010,173,0,0,2025,6,"core2,short,tf"
noithatsaokim.com,38.4,13,32,0,2009,113,2,0,2018,13,tldreg
ylomonya.com,38.3,87,205,0,2010,196,0,0,2025,8,"core1,short,tf"
gojiboutique.com,38.3,63,154,0,2008,197,0,0,2021,12,core2
moviepdb.com,38.3,55,116,0,2011,113,2,0,2025,8,tldreg
buhehe.com,38.3,58,115,0,2009,65,1,0,2017,6,short
bhminfo.com,38.2,99,2112,0,2014,46,1,0,2025,7,"core1,short,tf"
ucuzalsam.com,38.2,87,21,0,2007,89,0,0,2019,9,"core1,tf"
jnsci.com,38.2,12,146,0,2016,22,3,0,2016,5,tldreg
thebasschron.com,38.2,11,4035,0,2015,40,2,0,2014,12,tldreg
glsender.com,38.2,58,115,0,2009,61,1,0,2025,8,short
hocpsd.com,38.1,65,155,0,2009,168,0,0,2025,6,"core2,short,tf"
morvoz.com,38.1,13,14,0,2011,17,2,0,2023,6,tldreg
phpmaterial.com,38.0,62,5435,0,2009,80,0,0,2025,11,core2
royalcitygolf.com,38.0,13,29,1,2008,52,0,0,2025,13,wiki
selebaran.com,38.0,15,40,0,2012,137,2,0,2025,9,tldreg
ymoviez.com,38.0,58,169,0,2010,84,1,0,2024,7,short
monicatamil.com,37.9,62,3386,0,2009,155,0,0,2025,11,core2
techyshacky.com,37.9,12,75,1,2014,169,0,0,2024,11,wiki
outletsus.com,37.9,11,43,0,2011,73,2,0,2025,9,tldreg
easybitco.com,37.8,133,70,0,2015,76,1,0,2025,9,"core1,tf"
panglimaintan.com,37.8,82,42,0,2010,89,0,0,2025,13,"core1,tf"
deportadas.com,37.8,64,479,0,2009,68,1,0,2025,10,core2
realbdsmpics.com,37.7,90,11742,0,2012,215,0,0,2025,12,"core1,tf"
mediasfactory.com,37.7,86,18,0,2007,83,1,0,2019,13,core1
griepinfo.com,37.7,23,137,0,2014,57,2,0,2024,9,tldreg
gagawang.com,37.7,60,126,0,2010,90,1,0,2024,8,short
diadefeira.com,37.6,58,144,0,2011,118,3,0,2025,10,tldreg
hackseller.com,37.6,37,199,0,2016,94,2,0,2023,10,tldreg
williamfu.com,37.6,13,21,0,2012,59,3,0,2024,9,tldreg
dirblend.com,37.6,61,109,0,2009,206,0,0,2025,8,short
dirspot.com,37.6,58,111,0,2010,105,1,0,2025,7,short
tikdecor.com,37.6,58,97,0,2010,126,1,0,2025,8,short
myhipom.com,37.5,71,517,0,2011,102,0,0,2025,7,"core2,short,tf"
trikonbd.com,37.5,70,782,0,2011,49,0,0,2025,8,"core2,short"
yuanxinyu.com,37.5,56,139,0,2010,242,2,0,2009,9,tldreg
denwao.com,37.5,59,117,0,2009,172,0,0,2024,6,short
nikipink.com,37.5,56,282,0,2012,217,1,0,2025,8,short
upodesh.com,37.4,55,148,1,2017,123,1,0,2020,7,wiki
gdapollo.com,37.4,14,149,0,2015,14,2,0,2025,8,tldreg
shikway.com,37.4,58,147,0,2011,163,1,0,2025,7,short
drfakhar.com,37.4,56,170,0,2011,142,1,0,2024,8,short
unifiniti.com,37.3,58,113,1,2012,74,0,0,2025,9,wiki
gossiptw.com,37.3,58,113,0,2009,162,0,0,2025,8,short
arcadebb.com,37.3,57,140,0,2009,116,0,0,2025,8,short
pejvackco.com,37.3,152,173,0,2016,24,1,0,2025,9,tf
diggwebsite.com,37.2,63,110,0,2008,113,0,0,2025,11,core2
ambianceetfeu.com,37.2,11,272,0,2012,40,2,0,2023,13,tldreg
freesvr.com,37.2,10,27,0,2013,41,2,0,2025,7,tldreg
olhack.com,37.2,57,123,0,2010,62,1,0,2025,6,short
toppainful.com,37.1,87,3267,0,2012,137,0,0,2025,10,"core1,tf"
drsharath.com,37.0,93,5389,0,2014,69,1,0,2025,9,core1
missingmajor.com,37.0,77,28,0,2007,161,0,0,2025,12,"core1,tf"
rashagh.com,37.0,64,179,0,2010,129,0,0,2025,7,"core2,short"
lapszemle.com,37.0,62,415,0,2012,178,2,0,2024,9,"core2,tldreg"
plrstyle.com,37.0,60,167,0,2010,165,0,0,2025,8,short
fahaoba.com,37.0,57,111,0,2010,58,1,0,2025,7,short
pcnott.com,36.9,60,139,0,2010,211,0,0,2024,6,short
kalaniaz.com,36.8,58,121,0,2011,131,1,0,2022,8,short
uikino.com,36.8,56,105,0,2011,168,1,0,2025,6,short
ketutsplace.com,36.7,84,25,0,2007,127,0,0,2025,11,core1
opococ.com,36.7,63,132,0,2009,56,0,0,2024,6,"core2,short"
assaggino.com,36.6,82,17,0,2011,40,0,0,2024,9,core1
woojungislove.com,36.6,60,166,1,2011,49,0,0,2025,13,wiki
babykan.com,36.6,60,184,0,2010,102,0,0,2025,7,short
plusvb.com,36.6,59,138,0,2010,161,0,0,2025,6,short
epukou.com,36.6,58,103,0,2010,45,1,0,2009,6,short
smibelcanto.com,36.5,139,321,0,2015,74,0,0,2024,11,"core1,tf"
themttc.com,36.5,87,902,0,2013,87,0,0,2025,7,"core1,short,tf"
ezearns.com,36.5,73,149,0,2010,83,0,0,2025,7,"core2,short,tf"
satkaniablog.com,36.5,60,142,1,2012,166,0,0,2025,12,wiki
gribkova.com,36.5,21,20,0,2015,63,2,0,2025,8,tldreg
joinandpost.com,36.4,90,737,0,2009,185,0,0,2025,11,"core1,tf"
besired.com,36.2,60,112,0,2011,74,1,0,2025,7,short
tqdir.com,36.2,60,113,0,2012,212,1,0,2025,5,short
funioo.com,36.1,56,95,0,2010,207,0,0,2025,6,short
ovglife.com,36.0,85,323,0,2012,96,0,0,2025,7,"core1,short,tf"
facesland.com,36.0,76,244,0,2009,146,0,0,2025,9,"core1,tf"
linknthink.com,36.0,64,183,0,2010,961,0,0,2025,10,core2
drmichaellong.com,35.9,99,204,0,2009,119,1,0,2025,13,"core1,tf"
dakhoaquocte.com,35.9,10,202,0,2014,32,3,0,2025,12,tldreg
nowbeats.com,35.9,59,115,0,2011,54,1,0,2025,8,short
reedleyrent.com,35.8,932,26,0,2010,58,1,0,2025,11,core1
sanbizz.com,35.7,63,133,0,2010,63,0,0,2025,7,"core2,short"
beianlock.com,35.7,19,106,0,2015,51,2,0,2025,9,tldreg
agensamgong.com,35.7,113,450,0,2016,93,0,0,2025,11,tf
ruhanihoca.com,35.6,185,30,0,2015,91,0,0,2015,10,core1
janadeshdaily.com,35.6,15,109,1,2017,155,0,0,2025,13,wiki
synergyatworx.com,35.5,102,154,0,2014,56,0,0,2024,13,core1
cuidodemi.com,35.5,66,192,0,2009,171,0,0,2024,9,"core2,tf"
websudasa.com,35.5,65,143,0,2009,269,0,0,2025,9,"core2,tf"
zouzoute.com,35.5,64,140,0,2012,68,1,0,2025,8,"core2,short,tf"
brotheme.com,35.5,58,115,0,2012,108,1,0,2024,8,short
zeadz.com,35.5,58,113,0,2010,76,0,0,2025,5,short
survcom.com,35.5,57,136,0,2012,88,1,0,2024,7,short
eufuzz.com,35.5,56,138,0,2011,184,0,0,2025,6,short
shababharb.com,35.4,86,256,0,2010,159,0,0,2025,10,"core1,tf"
literaturepan.com,35.4,70,5098,0,2012,138,0,0,2025,13,"core2,tf"
kaiwanavi.com,35.4,64,136,0,2009,268,0,0,2025,9,core2
willsummer.com,35.4,12,14,1,2014,25,0,0,2019,10,wiki
zeustaxi.com,35.4,11,28,0,2015,44,2,0,2025,8,tldreg
olooe.com,35.4,58,123,0,2012,94,1,0,2025,5,short
kingtrk.com,35.4,57,111,0,2010,73,0,0,2024,7,short
idrisblog.com,35.3,77,239,0,2010,209,0,0,2025,9,"core1,tf"
hindustanask.com,35.3,39,189,1,2018,19,0,0,2026,12,wiki
sinapuro.com,35.3,11,27,0,2014,14,2,0,2016,8,tldreg
webddee.com,35.3,61,112,0,2010,54,0,0,2025,7,short
diramk.com,35.3,58,115,0,2011,176,0,0,2024,6,short
salsamonde.com,35.2,83,1325,0,2011,32,0,0,2022,10,core1
quizir.com,35.2,61,142,0,2011,105,0,0,2025,6,"core2,short"
pretparkgids.com,35.2,13,38,0,2012,95,2,0,2025,12,tldreg
dashcp.com,35.2,57,126,0,2011,143,0,0,2025,6,short
skyonetv.com,35.2,56,123,0,2012,76,1,0,2025,8,short
rentunioncity.com,35.1,934,28,0,2009,53,0,0,2025,13,core1
ftscrossfit.com,35.1,67,937,0,2009,61,0,0,2025,11,"core2,tf"
claqueteados.com,35.1,15,133,1,2017,69,0,0,2025,12,wiki
egamelog.com,35.1,57,102,0,2011,190,0,0,2025,8,short
kapmoney.com,35.1,57,95,0,2012,103,1,0,2025,8,short
yaosanba.com,35.1,56,139,0,2012,59,1,0,2025,8,short
hotelsamet.com,35.0,75,1236,0,2011,34,0,0,2025,10,"core1,tf"
forzagames.com,35.0,60,116,0,2011,66,2,0,2025,10,tldreg
lovedel.com,35.0,59,133,0,2012,53,1,0,2025,7,short
psmoban.com,35.0,58,121,0,2011,126,0,0,2025,7,short
blchao.com,35.0,57,134,0,2011,109,0,0,2025,6,short
vrdoorperu.com,35.0,66,29512,0,2016,70,0,0,2025,10,tf
downtra.com,34.9,75,52,0,2010,86,0,0,2021,7,"core1,short,tf"
ssimplyme.com,34.9,67,331,0,2011,350,0,0,2025,9,"core2,tf"
nebkacrea.com,34.8,73,241,0,2010,145,0,0,2021,9,"core2,tf"
olydirectory.com,34.8,67,283,0,2009,316,0,0,2025,12,"core2,tf"
vandadweb.com,34.8,63,212,0,2011,113,1,0,2025,9,core2
sovllin.com,34.8,63,115,0,2011,90,0,0,2025,7,"core2,short"
chinazhsb.com,34.8,13,25,1,2016,42,0,0,2015,9,wiki
jzetyy.com,34.8,57,127,0,2011,100,0,0,2025,6,short
torepura.com,34.8,56,100,0,2012,73,1,0,2025,8,short
qcfaner.com,34.8,56,114,0,2012,62,1,0,2025,7,short
seedpixpeer.com,34.7,70,3396,0,2012,130,0,0,2025,11,"core2,tf"
bankgraphic.com,34.7,64,139,0,2009,167,1,0,2025,11,core2
treinlonden.com,34.7,11,33,0,2012,98,2,0,2012,11,tldreg
venbella.com,34.7,59,120,0,2011,91,0,0,2021,8,short
unicavox.com,34.7,58,113,0,2011,102,0,0,2025,8,short
cobones.com,34.7,57,114,0,2011,107,0,0,2025,7,short
umovietv.com,34.7,56,126,0,2011,93,0,0,2025,8,short
azaod.com,34.6,57,119,0,2011,91,0,0,2024,5,short
planofuturo.com,34.5,54,129,0,2011,56,3,0,2025,11,tldreg
oncetube.com,34.5,59,101,0,2011,99,0,0,2025,8,short
japtou.com,34.4,59,124,0,2011,65,0,0,2025,6,short
thesimstg.com,34.3,65,369,0,2011,170,0,0,2025,9,"core2,tf"
sektorbank.com,34.3,62,102,0,2009,156,0,0,2025,10,core2
dynamatt.com,34.3,57,116,0,2011,72,0,0,2025,8,short
ardmorerent.com,34.2,931,27,0,2010,65,0,0,2008,11,core1
kaneoherent.com,34.2,930,15,0,2009,55,0,0,2008,11,core1
asassyredhead.com,34.2,71,833,0,2011,240,0,0,2023,13,"core2,tf"
tvohd.com,34.2,60,131,0,2012,142,0,0,2025,5,short
weeebaby.com,34.1,66,493,0,2014,116,0,0,2025,8,"core2,short"
varukablue.com,34.1,66,335,0,2010,50,0,0,2025,10,"core2,tf"
cardewan.com,34.1,59,111,0,2011,54,0,0,2025,8,short
topshotgear.com,34.0,73,688,0,2010,85,0,0,2025,11,"core2,tf"
constructdir.com,34.0,69,438,0,2010,198,0,0,2024,12,"core2,tf"
slydlinks.com,34.0,62,172,0,2010,155,0,0,2025,9,core2
welovedigg.com,34.0,62,124,0,2010,252,0,0,2025,10,core2
mogamijyuuken.com,34.0,11,20,0,2011,33,2,0,2007,13,tldreg
yiyuanbw.com,34.0,57,125,0,2012,140,0,0,2025,8,short
freepicgals.com,33.9,85,635,0,2010,67,0,0,2026,11,"core1,tf"
uvalent.com,33.9,61,144,0,2012,82,0,0,2025,7,"core2,short"
laboutonniere.com,33.9,10,82,0,2013,39,2,0,2025,13,tldreg
favormy.com,33.9,56,133,0,2012,112,0,0,2025,7,short
luqnet.com,33.9,56,132,0,2012,123,0,0,2024,6,short
samswebguide.com,33.8,67,412,0,2010,187,0,0,2023,12,"core2,tf"
motosezon.com,33.8,65,111,0,2010,35,1,0,2023,9,"core2,tf"
diweiwb.com,33.8,57,114,0,2012,129,0,0,2019,7,short
antoop.com,33.8,57,117,0,2012,127,0,0,2025,6,short
fanyataxi.com,33.7,70,451,0,2011,56,0,0,2010,9,"core2,tf"
plralacarte.com,33.7,66,147,0,2009,318,0,0,2025,11,"core2,tf"
cuocio.com,33.7,65,110,0,2012,89,0,0,2025,6,"core2,short"
acquacondo.com,33.7,62,175,0,2012,158,1,0,2025,10,core2
autocarss.com,33.7,59,114,0,2012,58,2,0,2025,9,tldreg
blogdax.com,33.6,62,122,0,2012,76,0,0,2024,7,"core2,short"
fblickr.com,33.6,56,117,0,2012,107,0,0,2023,7,short
phierowoman.com,33.5,68,183,0,2009,170,0,0,2025,11,"core2,tf"
romillopens.com,33.5,63,186,0,2009,198,0,0,2025,11,core2
gwmtracker.com,33.5,62,154,0,2010,109,0,0,2009,10,core2
nhuanhapkhau.com,33.5,13,37,0,2013,52,2,0,2025,12,tldreg
goappfun.com,33.5,60,100,0,2012,105,0,0,2025,8,short
gzjxaccp.com,33.5,57,126,0,2012,78,0,0,2025,8,short
freelisttoday.com,33.4,65,140,0,2009,256,0,0,2021,13,"core2,tf"
poncacityrent.com,33.3,933,17,0,2010,54,0,0,2008,13,"core1,tf"
saffordrent.com,33.3,929,15,0,2010,66,0,0,2008,11,"core1,tf"
profoundnews.com,33.3,87,306,0,2009,34,0,0,2025,12,core1
fifiapps.com,33.3,58,101,0,2011,30,0,0,2025,8,short
pdmao.com,33.2,157,380,0,2015,30,0,0,2025,5,"core1,short,tf"
jialiuonline.com,33.2,72,478,0,2010,70,0,0,2025,12,core2
edukatorium.com,33.2,10,11,0,2013,68,3,0,2012,11,tldreg
yiamee.com,33.2,59,122,0,2012,59,0,0,2025,6,short
dpytv.com,33.2,56,104,0,2012,88,0,0,2012,5,short
valhallarent.com,33.1,930,16,0,2010,51,0,0,2025,12,core1
ericonidi.com,33.1,86,2029,0,2014,48,0,0,2025,9,"core1,tf"
cicierobags.com,33.1,62,182,0,2009,141,0,0,2024,11,core2
yiyotrip.com,33.1,59,126,0,2012,52,0,0,2025,8,short
vncty.com,33.1,58,123,0,2012,54,0,0,2025,5,short
adhrl.com,33.1,57,123,0,2012,55,0,0,2022,5,short
aqdirectory.com,33.0,76,248,0,2010,157,0,0,2025,11,"core1,tf"
eindiawebguru.com,33.0,69,249,0,2010,185,0,0,2025,13,"core2,tf"
dhgkyy.com,33.0,59,115,0,2012,55,0,0,2025,6,short
emporiarent.com,32.9,932,11,0,2010,73,0,0,2008,11,core1
kostsby.com,32.9,79,188,0,2014,107,0,0,2024,7,"core1,short"
heliscot.com,32.9,56,706,0,2015,78,0,0,2025,8,short
chatsaudicam.com,32.8,64,477,0,2011,194,0,0,2025,12,core2
beerbongbucks.com,32.8,63,128,0,2009,168,0,0,2025,13,core2
crucibletests.com,32.8,62,1195,0,2011,47,0,0,2025,13,core2
adagratis.com,32.8,61,129,0,2011,223,0,0,2025,9,core2
cullmanrent.com,32.7,932,12,0,2010,49,0,0,2025,11,core1
bestmombasa.com,32.7,62,236,0,2010,184,0,0,2025,11,core2
anandathai.com,32.7,10,17,0,2014,53,2,0,2025,10,tldreg
hionegame.com,32.6,71,177,0,2011,82,0,0,2025,9,"core2,tf"
gadgetstip.com,32.6,61,273,0,2012,177,0,0,2025,10,core2
sumadinero.com,32.5,67,123,0,2011,146,0,0,2025,10,"core2,tf"
easyflatpax.com,32.5,66,365,0,2011,195,0,0,2025,11,"core2,tf"
thedigitalset.com,32.5,63,146,0,2009,103,0,0,2025,13,core2
webworksdat.com,32.5,54,98,0,2011,66,2,0,2026,11,tldreg
beautyofwoman.com,32.5,54,109,0,2011,59,2,0,2025,13,tldreg
cuumall.com,32.5,58,107,0,2012,38,0,0,2025,7,short
bodasmagazine.com,32.4,75,104,0,2010,55,1,0,2025,13,"core1,tf"
kopisehat.com,32.4,73,76,0,2011,39,1,0,2025,9,core2
thegnomesmom.com,32.4,69,291,0,2011,236,0,0,2025,12,"core2,tf"
ebnalneel.com,32.4,67,315,0,2012,86,0,0,2025,9,"core2,tf"
isavelink.com,32.3,62,141,0,2012,334,0,0,2025,9,core2
pallavilaser.com,32.3,61,119,0,2010,62,1,0,2025,12,core2
texelhuisje.com,32.3,11,41,0,2016,84,3,0,2024,11,tldreg
suimee.com,32.3,58,103,0,2012,32,0,0,2025,6,short
bukkhockey.com,32.3,67,4962,0,2016,83,0,0,2025,10,tf
iguanajuegos.com,32.2,63,122,0,2009,109,0,0,2022,12,core2
mlmnewssite.com,32.2,62,208,0,2010,138,0,0,2025,11,core2
oyepakistan.com,32.1,69,167,0,2010,136,0,0,2025,11,"core2,tf"
fiqueisabendo.com,32.0,55,107,0,2012,108,2,0,2025,13,tldreg
vangardtalent.com,31.9,63,158,0,2010,150,0,0,2025,13,core2
entornoit.com,31.9,62,587,0,2013,71,0,0,2022,9,core2
wlfhotlist.com,31.9,61,145,0,2011,73,0,0,2025,10,core2
kiyojirou.com,31.8,62,175,0,2012,143,0,0,2025,9,core2
evendirectory.com,31.6,68,288,0,2011,109,0,0,2025,13,core2
webstoregames.com,31.6,62,282,0,2011,135,0,0,2024,13,core2
paperdapp.com,31.5,74,24,0,2011,90,1,0,2024,9,"core2,tf"
bajethosting.com,31.5,63,145,0,2010,121,0,0,2025,12,core2
tjcctweb.com,31.4,77,41,0,2013,94,0,0,2024,8,"core1,short"
istarelec.com,31.4,63,107,0,2011,73,0,0,2025,9,core2
wedoitcheaper.com,31.4,21,16,0,2014,26,2,0,2025,13,tldreg
leversace.com,31.3,64,129,0,2012,131,0,0,2025,9,"core2,tf"
vanixhosting.com,31.3,64,117,0,2012,206,1,0,2025,12,core2
musancreative.com,31.2,79,1609,0,2014,90,0,0,2025,13,"core1,tf"
directoryoff.com,31.0,70,277,0,2012,179,0,0,2025,12,"core2,tf"
plandechicas.com,30.9,69,142,0,2011,165,0,0,2025,12,"core2,tf"
hqmoviesbox.com,30.9,61,107,0,2010,114,0,0,2025,11,core2
elmohafezeen.com,30.8,83,111,0,2012,430,0,0,2024,12,"core1,tf"
freshtechweb.com,30.8,70,222,0,2012,215,0,0,2025,12,"core2,tf"
yaritaihoudai.com,30.7,62,149,0,2011,166,0,0,2025,13,core2
adsensepress.com,30.7,61,116,0,2011,233,0,0,2021,12,core2
couponcolor.com,30.6,65,124,0,2011,167,0,0,2011,11,"core2,tf"
bestwigsbuy.com,30.6,62,127,0,2012,94,1,0,2025,11,core2
secockpitblog.com,30.6,61,130,0,2011,176,0,0,2011,13,core2
mrsitestore.com,30.5,66,232,0,2011,56,0,0,2025,11,"core2,tf"
alwaysbehere.com,30.3,63,121,0,2012,67,1,0,2021,12,core2
caihongzhen.com,30.3,61,130,0,2011,141,0,0,2015,11,core2
cctvwenhua.com,30.3,10,30,0,2016,17,2,0,2025,10,tldreg
ogaytwinks.com,30.2,83,17,0,2011,197,0,0,2025,10,"core1,tf"
topmostlists.com,30.2,69,131,0,2012,276,0,0,2025,12,"core2,tf"
indiathebook.com,30.2,68,193,0,2011,51,0,0,2025,12,"core2,tf"
shootwithlove.com,30.2,65,129,0,2012,55,1,0,2025,13,"core2,tf"
youmintcorp.com,30.1,61,128,0,2011,115,0,0,2025,11,core2
allabellanail.com,30.0,61,121,0,2011,118,0,0,2024,13,core2
greenscooking.com,29.8,69,140,0,2011,58,0,0,2025,13,"core2,tf"
bestlockpicks.com,29.7,80,56,0,2009,17,0,0,2024,13,tf
evesonit.com,29.6,68,109,0,2016,112,0,0,2025,8,short
thefullfacts.com,29.5,63,231,0,2012,67,0,0,2015,12,core2
xtubescript.com,29.4,64,137,0,2012,140,0,0,2024,11,"core2,tf"
livecamsignup.com,29.4,63,121,0,2011,57,0,0,2023,13,core2
vietcongnghe.com,29.3,62,157,0,2012,111,0,0,2024,12,core2
rafolsrevenue.com,29.2,65,138,0,2012,105,0,0,2022,13,"core2,tf"
martianleaks.com,29.0,67,179,0,2012,55,0,0,2025,12,"core2,tf"
rachelharrod.com,29.0,61,75,0,2011,90,0,0,2025,12,core2
dogbreedsites.com,28.9,61,230,0,2012,40,0,0,2024,13,core2
stealthrankz.com,28.7,64,110,0,2012,101,0,0,2025,12,"core2,tf"
dropula.com,28.7,56,0,0,2012,271,1,0,2025,7,short
aknoahsark.com,28.6,84,160,0,2015,96,0,0,2020,10,"core1,tf"
reliancebh.com,28.5,64,602,0,2016,59,0,0,2025,10,tf
fsbomethod.com,28.4,68,27,0,2012,75,0,0,2024,10,"core2,tf"
lautusmedia.com,28.1,84,18,0,2010,53,0,0,2025,11,core1
nufastcash.com,28.0,79,356,0,2016,53,0,0,2025,10,tf
deenahvollmer.com,27.9,99,20,0,2011,84,0,0,2025,13,core1
bekhoemevui.com,27.9,61,104,0,2012,50,0,0,2025,11,core2
tomtitdesign.com,27.4,67,45,0,2011,33,0,0,2018,12,"core2,tf"
xmaxstudio.com,27.0,62,136,0,2015,48,0,0,2025,10,core2
kostumdikimi.com,26.4,90,16,0,2012,89,0,0,2025,12,core1
greanfootball.com,26.4,67,78,0,2013,45,0,0,2017,13,core2
healthshopbd.com,26.0,12,99,0,2015,203,2,0,2024,12,tldreg
yoldashaber.com,25.8,83,41,0,2015,64,1,0,2022,11,core1
yjlxauto.com,25.8,58,0,0,2012,79,0,0,2025,8,short
schnekhomes.com,25.0,83,25,0,2013,43,0,0,2011,11,core1
sugardocny.com,24.9,85,24,0,2015,47,0,0,2025,10,core1
nemobuilding.com,22.5,74,18,0,2015,63,0,0,2025,12,core2
