rank,domain,score,majestic_trustflow,majestic_citationflow,trust_ratio_tf_cf,referring_domains,referring_ips,referring_subnets,backlinks,refdomains_live,refdomains_homepage,refdomains_edu,refdomains_gov,wikipedia_live_article_citations,majestic_claimed_wiki_links,dmoz_listed,archive_first_year,archive_captures,other_tlds_registered,majestic_topics,wikipedia_articles
1,sanmarcoinlamis.net,308.8,30,13,2.31,28,21,19,31,27,0,0,0,3,4,False,2001,128,4,World/Italiano (99.97%),de:San Marco in Lamis; it:Mingardo; nl:San Marco in Lamis
2,betours.net,245.2,29,7,4.14,18,14,14,19,17,0,0,0,0,0,True,2001,180,12,Recreation/Travel (100.00%),
3,ahida.net,244.2,28,14,2.0,29,27,26,60,28,3,1,0,0,0,False,2001,195,8,Business/Consumer Goods and Services (99.96%)|Regional/Asia (0.01%),
4,oficinista.net,243.0,27,11,2.45,24,21,19,43,23,2,0,0,1,1,False,2001,143,3,Society/People (99.64%)|Computers/Internet/On the Web (0.31%),es:Manuel Bartual
5,proinca.net,239.3,28,6,4.67,29,16,15,36,28,0,0,0,0,1,True,2003,150,9,Regional/Central America (100.00%),
6,datemachi.net,236.9,32,12,2.67,21,20,20,27,20,0,0,0,0,0,True,2001,178,1,Arts/Television (100.00%),
7,vaporessofrance.net,234.9,27,16,1.69,142,132,125,267,130,1,2,1,0,0,False,2024,17,2,Society/Religion and Spirituality (100.00%),
8,jamcast.net,234.3,28,9,3.11,18,15,14,22,17,0,0,0,0,0,True,1999,46,6,Business/Construction and Maintenance (100.00%),
9,mikewatson.net,233.0,28,6,4.67,18,16,15,24,16,0,0,0,0,0,True,2000,180,10,Arts/Music (100.00%),
10,librariesvictoria.net,231.9,31,10,3.1,28,21,21,46,21,0,1,0,0,0,False,2000,216,2,Reference/Libraries (99.98%),
11,kyyemr.net,230.2,28,16,1.75,182,83,73,271,165,0,0,0,0,0,False,2006,114,0,Health/Mental Health (87.65%)|Health/Conditions and Diseases (6.39%)|Reference/Maps (4.54%),
12,twojedziecko.net,230.2,29,12,2.42,23,20,20,32,22,0,0,0,0,0,True,2003,244,3,Shopping/Children (100.00%),
13,profitmed.net,230.0,27,16,1.69,50,46,43,234,49,4,0,0,0,0,False,2005,222,7,Computers/Consultants (98.64%)|Computers/Software/Databases (1.03%)|Business/Healthcare (0.27%),
14,bonvivantweb.net,229.7,31,13,2.38,32,27,25,33,29,0,0,0,0,0,True,2004,66,0,Regional/Asia (100.00%),
15,ecoitaly.net,227.7,28,7,4.0,22,19,16,38,15,0,0,0,0,5,True,2001,198,3,Business/Food and Related Products (99.97%)|Home/Gardening (0.01%),
16,stapana.net,227.7,29,10,2.9,18,16,16,49,17,1,0,0,0,0,True,2004,195,1,Science/Environment (100.00%),
17,greencardamerica.net,226.3,30,9,3.33,20,15,14,32,17,0,0,0,0,0,True,2003,181,2,Society/Law (100.00%),
18,hitechpi.net,225.9,29,10,2.9,19,17,17,23,18,0,0,0,0,0,True,2004,92,1,Society/Law (99.95%),
19,extendedstays.net,225.7,27,11,2.45,20,16,16,22,15,0,0,0,0,0,True,2002,240,9,Recreation/Travel (100.00%),
20,callalan.net,224.2,29,8,3.62,24,20,18,27,20,0,0,0,0,0,True,2003,58,2,Business/Real Estate (100.00%),
21,archihouse.net,223.8,30,11,2.73,22,18,18,28,22,0,0,0,0,0,True,2010,57,13,Business (100.00%),
22,musicfront.net,223.3,25,13,1.92,35,33,31,151,34,0,0,0,0,0,False,2000,263,4,Computers/Software/Desktop Customization (99.98%),
23,stylebruch.net,223.0,28,11,2.55,22,16,16,37,20,1,0,0,0,0,True,2001,166,1,Business (100.00%),
24,undong.net,222.6,23,15,1.53,75,75,70,3320,72,0,0,0,0,0,False,2002,56,4,Society/Relationships (99.94%)|Home/Family (0.03%),
25,thebossradio.net,222.6,30,10,3.0,29,22,21,45,26,0,0,0,0,0,True,2008,120,2,Arts/Radio (100.00%),
26,smartphony.net,221.9,24,16,1.5,40,39,39,830,39,5,0,0,0,1,False,2005,208,9,Regional/Europe (99.55%)|Computers/Internet/Searching (0.29%)|Business (0.10%),
27,skatelife.net,221.8,28,11,2.55,25,16,14,30,23,0,0,0,0,0,False,2003,76,17,Business/Consumer Goods and Services (100.00%),
28,brantfordweb.net,221.7,28,6,4.67,26,17,17,75,23,1,0,0,0,0,True,2003,379,0,Recreation/Travel (99.85%)|Computers/Software/Desktop Customization (0.08%)|Recreation/Pets (0.02%),
29,satscan.net,221.2,27,13,2.08,30,27,27,42,25,0,0,0,0,0,False,2006,143,10,Society/People (99.96%),
30,goddesscards.net,220.9,30,8,3.75,20,18,15,27,11,0,0,0,0,0,True,2001,132,3,Society/Issues (99.93%)|Arts/Performing Arts (0.03%),
31,tokyox.net,220.8,26,14,1.86,25,22,21,587,24,3,0,0,0,0,False,2004,126,9,Business/Food and Related Products (87.53%)|Home/Cooking (11.99%)|Science/Environment (0.25%),
32,koksinredarna.net,219.5,28,11,2.55,25,19,19,37,24,0,0,0,0,0,True,1999,125,0,Business/Construction and Maintenance (100.00%),
33,cybercrea.net,219.2,25,13,1.92,43,42,42,115,43,1,0,0,0,0,False,2002,466,1,Shopping/Crafts (98.85%)|Recreation/Travel (0.97%)|Regional/Asia (0.16%),
34,actuart.net,218.9,22,14,1.57,31,28,25,45,27,1,0,0,0,0,False,2001,91,6,Arts/Visual Arts (96.84%)|Recreation/Travel (1.71%)|Recreation/Pets (0.76%),
35,acterhalen.net,217.7,30,10,3.0,19,15,13,22,17,1,0,0,0,0,True,2004,107,0,Recreation/Pets (100.00%),
36,lagrandeferme.net,216.9,28,6,4.67,21,12,11,48,15,0,0,0,0,0,True,2004,80,5,Recreation/Travel (100.00%),
37,redcog.net,216.9,27,12,2.25,24,20,19,41,23,2,0,0,0,0,False,2004,334,2,Computers/Internet (100.00%),
38,meanmrmustard.net,216.8,23,15,1.53,44,37,35,3050,44,3,0,0,0,0,False,2002,305,4,Science/News and Media (97.88%)|News/Weblogs (0.81%)|Computers/Internet/Publications (0.37%),
39,caravangids.net,216.3,23,10,2.3,56,31,29,132,54,18,0,0,0,0,False,1998,212,2,Computers/Internet/Searching (99.81%)|Arts/Music (0.09%)|Recreation/Travel (0.02%),
40,theadkinsgroup.net,215.2,30,11,2.73,21,17,15,27,21,0,0,0,0,0,True,2009,47,2,Business (100.00%),
41,openfest.net,215.0,25,18,1.39,36,29,27,117,34,1,0,0,0,0,False,2006,186,7,Society/Religion and Spirituality (99.99%),
42,shrinksystem.net,214.6,29,3,9.67,32,25,23,32,23,0,0,0,0,0,True,2006,113,1,Business (100.00%),
43,akuno.net,214.3,30,19,1.58,44,38,32,291,38,6,0,0,0,0,False,2014,21,10,Regional/Middle East (99.99%),
44,notteweb.net,213.9,28,7,4.0,24,22,18,164,24,0,0,0,0,1,False,2002,134,0,Society/Genealogy (99.97%),
45,hotbodiesonline.net,213.5,24,14,1.71,52,49,47,327,48,5,0,0,0,0,False,2002,331,2,Recreation/Models (82.15%)|Recreation/Autos (10.76%)|Computers/Programming/Personal Pages (7.06%),
46,southernclassicdesigns.net,212.8,28,12,2.33,19,16,16,316,19,0,0,0,0,0,True,2006,108,0,Business/Construction and Maintenance (100.00%),
47,mausic.net,212.5,26,10,2.6,38,36,28,88,34,0,0,0,0,0,False,2006,45,4,Reference/Maps (97.56%)|Regional/Asia (2.36%)|Arts/Performing Arts (0.01%),
48,oruspu.net,212.0,26,10,2.6,22,15,14,31,22,8,0,0,0,0,False,2002,61,2,Computers/Internet/Web Design and Development (99.91%)|Sports/Baseball (0.05%),
49,bvst.net,211.3,23,13,1.77,35,25,21,64,30,4,0,0,0,0,False,2003,59,17,Health/Alternative (99.98%),
50,qianzi.net,210.4,23,11,2.09,29,20,15,33,21,0,0,0,0,0,False,2002,90,10,Regional/Asia (99.96%),
